"id","application_id","level","institution","board_university","class_obtained","major_subjects","is_completed","created_at","document_url","year_of_passing","percentage_cgpa"
"1a803efc-b7b1-41a7-ba4c-fe46ff4ad035","90be4819-f4fa-4105-9514-08cdafc73f3a","12th","sdfsdf","sdcfsd",NULL,"Science",True,"2026-08-22 23:13:04.665972","https://655a7fedbfa2df5e1c2c5c7185bd1bb4.r2.cloudflarestorage.com/educrm/applications/12th_certificates/1787420435076-rq7qr6-gabi.jpg?X-Amz-Algorithm=AWS4-HMAC-SHA256&X-Amz-Content-Sha256=UNSIGNED-PAYLOAD&X-Amz-Credential=4fbd10ef08394537cc7d50d2733f7070%2F20260822%2Fauto%2Fs3%2Faws4_request&X-Amz-Date=20260822T174036Z&X-Amz-Expires=604800&X-Amz-Signature=d3f265b2f502a181cdb9834233865621d31e47d1a08c23da29635b1945c33c3f&X-Amz-SignedHeaders=host&x-amz-checksum-mode=ENABLED&x-id=GetObject","2022","98"
"1cfed30d-9d25-41a1-9bfb-6d54b179b836","ea55aa5b-2b39-48dc-8df7-c0109f4801f0","BCA","IGNOU","IGNOU",NULL,NULL,True,"2026-08-23 12:18:03.976859","https://655a7fedbfa2df5e1c2c5c7185bd1bb4.r2.cloudflarestorage.com/educrm/applications/gradDoc/1787467448920-wtbudy-gabi.jpg?X-Amz-Algorithm=AWS4-HMAC-SHA256&X-Amz-Content-Sha256=UNSIGNED-PAYLOAD&X-Amz-Credential=4fbd10ef08394537cc7d50d2733f7070%2F20260823%2Fauto%2Fs3%2Faws4_request&X-Amz-Date=20260823T064409Z&X-Amz-Expires=604800&X-Amz-Signature=35535bcefa0177b6326b365e144bf4402e475bcd35166e8374e6c5e136296823&X-Amz-SignedHeaders=host&x-amz-checksum-mode=ENABLED&x-id=GetObject","2024","90"
"286577be-0a38-45ac-9213-487efcf4bcbd","f7cafa16-1692-40b7-99df-f4161ab37511","12th","hjthrdrde","jhhh",NULL,"Commerce",True,"2026-08-22 23:00:26.186342","https://655a7fedbfa2df5e1c2c5c7185bd1bb4.r2.cloudflarestorage.com/educrm/applications/12th_certificates/1787419599439-2fz0c0-gabi.jpg?X-Amz-Algorithm=AWS4-HMAC-SHA256&X-Amz-Content-Sha256=UNSIGNED-PAYLOAD&X-Amz-Credential=4fbd10ef08394537cc7d50d2733f7070%2F20260822%2Fauto%2Fs3%2Faws4_request&X-Amz-Date=20260822T172640Z&X-Amz-Expires=604800&X-Amz-Signature=50ffa34564c6144f064195cae3e6c3b98bf45055d59e6783ba392b769839cd71&X-Amz-SignedHeaders=host&x-amz-checksum-mode=ENABLED&x-id=GetObject","2019","90"
"50fd4308-ba8b-4e68-ab8b-a11ed8d321ba","f7cafa16-1692-40b7-99df-f4161ab37511","10th","uyiuyuiou","ijoiui",NULL,NULL,True,"2026-08-22 23:00:26.186342","https://655a7fedbfa2df5e1c2c5c7185bd1bb4.r2.cloudflarestorage.com/educrm/applications/10th_certificates/1787419562750-4vjsl1-gabi.jpg?X-Amz-Algorithm=AWS4-HMAC-SHA256&X-Amz-Content-Sha256=UNSIGNED-PAYLOAD&X-Amz-Credential=4fbd10ef08394537cc7d50d2733f7070%2F20260822%2Fauto%2Fs3%2Faws4_request&X-Amz-Date=20260822T172604Z&X-Amz-Expires=604800&X-Amz-Signature=e66a9a58b155acaa1be60219640f785263a97c28c30782d82b9a6982a320f3de&X-Amz-SignedHeaders=host&x-amz-checksum-mode=ENABLED&x-id=GetObject","2018","90"
"562d69be-20bb-447b-b8ec-f209286feafe","90be4819-f4fa-4105-9514-08cdafc73f3a","dfvdf","dfvfdf","dvfdfv",NULL,NULL,True,"2026-08-22 23:13:04.665972","https://655a7fedbfa2df5e1c2c5c7185bd1bb4.r2.cloudflarestorage.com/educrm/applications/gradDoc/1787420460893-1ovx39-gabi.jpg?X-Amz-Algorithm=AWS4-HMAC-SHA256&X-Amz-Content-Sha256=UNSIGNED-PAYLOAD&X-Amz-Credential=4fbd10ef08394537cc7d50d2733f7070%2F20260822%2Fauto%2Fs3%2Faws4_request&X-Amz-Date=20260822T174102Z&X-Amz-Expires=604800&X-Amz-Signature=f2aaa13b4e740767770473d48476f61a6a48152fc90006e68710174e942136b1&X-Amz-SignedHeaders=host&x-amz-checksum-mode=ENABLED&x-id=GetObject","2026","96"
"95b79cfd-7d95-423e-af8c-32ba1f000c64","f7cafa16-1692-40b7-99df-f4161ab37511","gttuy","kjkjuhhq","hkuhuu",NULL,NULL,False,"2026-08-22 23:00:26.186342","https://655a7fedbfa2df5e1c2c5c7185bd1bb4.r2.cloudflarestorage.com/educrm/applications/gradDoc/1787419634393-4oztrm-gabi.jpg?X-Amz-Algorithm=AWS4-HMAC-SHA256&X-Amz-Content-Sha256=UNSIGNED-PAYLOAD&X-Amz-Credential=4fbd10ef08394537cc7d50d2733f7070%2F20260822%2Fauto%2Fs3%2Faws4_request&X-Amz-Date=20260822T172715Z&X-Amz-Expires=604800&X-Amz-Signature=2b57118b83b46b8169e396ffbec6feacadf35ed3ad0e167f2bd3c730e0c6f1d3&X-Amz-SignedHeaders=host&x-amz-checksum-mode=ENABLED&x-id=GetObject","2026","89"
"d2568294-bb65-4372-8c69-9b28915237a0","90be4819-f4fa-4105-9514-08cdafc73f3a","10th","jhkshdkj","jasd",NULL,NULL,True,"2026-08-22 23:13:04.665972","https://655a7fedbfa2df5e1c2c5c7185bd1bb4.r2.cloudflarestorage.com/educrm/applications/10th_certificates/1787420434321-qnl7px-gabi.jpg?X-Amz-Algorithm=AWS4-HMAC-SHA256&X-Amz-Content-Sha256=UNSIGNED-PAYLOAD&X-Amz-Credential=4fbd10ef08394537cc7d50d2733f7070%2F20260822%2Fauto%2Fs3%2Faws4_request&X-Amz-Date=20260822T174035Z&X-Amz-Expires=604800&X-Amz-Signature=239d3a337a2706cd3fe580b3bddf4533621c0b3df0b70a76948b46ef016e2cc8&X-Amz-SignedHeaders=host&x-amz-checksum-mode=ENABLED&x-id=GetObject","2021","96"
"ec5338af-cc7d-408b-a966-c888bd09ebf8","ea55aa5b-2b39-48dc-8df7-c0109f4801f0","12th","MDHS","WBBHSE",NULL,"Science",True,"2026-08-23 12:18:03.976859","https://655a7fedbfa2df5e1c2c5c7185bd1bb4.r2.cloudflarestorage.com/educrm/applications/12th_certificates/1787467407220-kdm9t8-gabi.jpg?X-Amz-Algorithm=AWS4-HMAC-SHA256&X-Amz-Content-Sha256=UNSIGNED-PAYLOAD&X-Amz-Credential=4fbd10ef08394537cc7d50d2733f7070%2F20260823%2Fauto%2Fs3%2Faws4_request&X-Amz-Date=20260823T064327Z&X-Amz-Expires=604800&X-Amz-Signature=42d2d85e0b0538950372d02d1d679db5963465725f3eac463bff95cd42f6f502&X-Amz-SignedHeaders=host&x-amz-checksum-mode=ENABLED&x-id=GetObject","2021","95"
"eda5c3c3-5bb5-49ff-ac3f-f0b29d4e3edf","ea55aa5b-2b39-48dc-8df7-c0109f4801f0","10th","VVVHS","WBBSE",NULL,NULL,True,"2026-08-23 12:18:03.976859","https://655a7fedbfa2df5e1c2c5c7185bd1bb4.r2.cloudflarestorage.com/educrm/applications/10th_certificates/1787467372976-hwa9nz-gabi.jpg?X-Amz-Algorithm=AWS4-HMAC-SHA256&X-Amz-Content-Sha256=UNSIGNED-PAYLOAD&X-Amz-Credential=4fbd10ef08394537cc7d50d2733f7070%2F20260823%2Fauto%2Fs3%2Faws4_request&X-Amz-Date=20260823T064253Z&X-Amz-Expires=604800&X-Amz-Signature=715fd9f29ad4c2139b1881ae43bd20093f97f24d4abfe5e6afc2bdfcb30960f3&X-Amz-SignedHeaders=host&x-amz-checksum-mode=ENABLED&x-id=GetObject","2019","98"
